<?xml version="1.0"?>
<doc>
  <assembly>
    <name>NServiceBus.Host</name>
  </assembly>
  <members>
    <member name="T:NServiceBus.AsA_Server">
      <summary>
            Indicates this endpoint is a server.
            As such will be set up as a transactional endpoint using impersonation, not purging messages on startup.
            </summary>
    </member>
    <member name="T:NServiceBus.AsA_Client">
      <summary>
            Indicates this endpoint is a client.
            As such will be set up as a non-transactional endpoint with no impersonation and purging messages on startup.
            </summary>
    </member>
    <member name="T:NServiceBus.AsA_Publisher">
      <summary>
            Indicates this endpoint is a publisher.
            This is compatible with <see cref="T:NServiceBus.AsA_Server" /> but not <see cref="T:NServiceBus.AsA_Client" />.
            </summary>
    </member>
    <member name="T:NServiceBus.IConfigureLogging">
      <summary>
            Called in order to configure logging.
            
            If you want logging configured regardless of profiles, do not use this interface,
            instead implement <see cref="T:NServiceBus.IWantCustomLogging" /> on the class which implements <see cref="T:NServiceBus.IConfigureThisEndpoint" />.
            
            Implementors should work against the generic version of this interface.
            </summary>
    </member>
    <member name="M:NServiceBus.IConfigureLogging.Configure(NServiceBus.IConfigureThisEndpoint)">
      <summary>
            Performs all logging configuration.
            </summary>
    </member>
    <member name="T:NServiceBus.IConfigureLoggingForProfile`1">
      <summary>
            Called in order to configure logging for the given profile type.
            If an implementation isn't found for a given profile, then the search continues
            recursively up that profile's inheritance hierarchy.
            </summary>
      <typeparam name="T">
      </typeparam>
    </member>
    <member name="T:NServiceBus.IConfigureThisEndpoint">
      <summary>
            Indicate that the implementing class will specify configuration.
            </summary>
    </member>
    <member name="T:NServiceBus.IHandleProfile">
      <summary>
            Abstraction for code which will be called when the given profile is active.
            Implementors should implement IHandleProfile{T} rather than IHandleProfile.
            </summary>
    </member>
    <member name="M:NServiceBus.IHandleProfile.ProfileActivated">
      <summary>
            Called when a given profile is activated.
            </summary>
    </member>
    <member name="T:NServiceBus.IHandleProfile`1">
      <summary>
            Generic abstraction for code which will be called when the given profile is active.
            </summary>
      <typeparam name="T">
      </typeparam>
    </member>
    <member name="T:NServiceBus.Host.Internal.AssemblyScanner">
      <summary>
            Helpers for assembly scanning operations
            </summary>
    </member>
    <member name="M:NServiceBus.Host.Internal.AssemblyScanner.GetScannableAssemblies">
      <summary>
            Gets a list with assemblies that can be scanned
            </summary>
      <returns>
      </returns>
    </member>
    <member name="T:NServiceBus.Host.Internal.GenericHost">
      <summary>
            Implementation which hooks into TopShelf's Start/Stop lifecycle.
            </summary>
    </member>
    <member name="M:NServiceBus.Host.Internal.GenericHost.Start">
      <summary>
            Does startup work.
            </summary>
    </member>
    <member name="M:NServiceBus.Host.Internal.GenericHost.Stop">
      <summary>
            Does shutdown work.
            </summary>
    </member>
    <member name="M:NServiceBus.Host.Internal.GenericHost.#ctor(System.Type,System.String[])">
      <summary>
            Accepts the type which will specify the users custom configuration.
            This type should implement <see cref="T:NServiceBus.IConfigureThisEndpoint" />.
            </summary>
      <param name="endpointType">
      </param>
      <param name="args">
      </param>
    </member>
    <member name="E:NServiceBus.Host.Internal.GenericHost.ConfigurationComplete">
      <summary>
            Event raised when configuration is complete
            </summary>
    </member>
    <member name="T:NServiceBus.Host.Internal.InMemorySagaPersister">
      <summary>
            In memory implementation of ISagaPersister for quick development.
            </summary>
    </member>
    <member name="T:NServiceBus.Host.Internal.InMemorySubscriptionStorage">
      <summary>
            In memory storage of subscriptions
            </summary>
    </member>
    <member name="T:NServiceBus.Host.Internal.Logging.IntegrationLoggingHandler">
      <summary>
            Handles logging configuration for the integration profile.
            </summary>
    </member>
    <member name="T:NServiceBus.Host.Internal.Logging.LiteLoggingHandler">
      <summary>
            Handles logging configuration for the lite profile.
            </summary>
    </member>
    <member name="M:NServiceBus.Host.Internal.Logging.LiteLoggingHandler.PrepareColors(log4net.Appender.ColoredConsoleAppender)">
      <summary>
             Sets default colors for a ColredConsoleAppender
            </summary>
      <param name="a">
      </param>
    </member>
    <member name="T:NServiceBus.Host.Internal.Logging.ProductionLoggingHandler">
      <summary>
            Handles logging configuration for the production profile
            </summary>
    </member>
    <member name="T:NServiceBus.Host.Internal.ProfileHandlers.InstallDtcProfileHandler">
      <summary>
            Installs the distributed transaction coordinator.
            </summary>
    </member>
    <member name="T:NServiceBus.Host.Internal.ProfileHandlers.InstallMsmqProfileHandler">
      <summary>
            Installs and starts MSMQ if necessary.
            </summary>
    </member>
    <member name="T:NServiceBus.Host.Internal.ProfileHandlers.InstallPerformanceCountersProfileHandler">
      <summary>
            Installs performance counters.
            </summary>
    </member>
    <member name="T:NServiceBus.IWantTheEndpointConfig">
      <summary>
            Implementors will be provided with a reference to IConfigureThisEndpoint.
            Implementors must inherit either <see cref="T:NServiceBus.IHandleProfile" /> or <see cref="T:NServiceBus.IWantCustomInitialization" />.
            </summary>
    </member>
    <member name="P:NServiceBus.IWantTheEndpointConfig.Config">
      <summary>
            This property will be set by the infrastructure.
            </summary>
    </member>
    <member name="T:NServiceBus.Host.Internal.ProfileHandlers.PerformanceCountersProfileHandler">
      <summary>
            Handles the PerformanceCounters profile.
            </summary>
    </member>
    <member name="T:NServiceBus.Host.Internal.ProfileManager">
      <summary>
            Scans and loads profile handlers from the given assemblies
            </summary>
    </member>
    <member name="M:NServiceBus.Host.Internal.ProfileManager.#ctor(System.Collections.Generic.IEnumerable{System.Reflection.Assembly},NServiceBus.IConfigureThisEndpoint,System.String[])">
      <summary>
            Initializes the manager with the assemblies to scan and the endpoint configuration to use
            </summary>
      <param name="assembliesToScan">
      </param>
      <param name="specifier">
      </param>
      <param name="args">
      </param>
    </member>
    <member name="M:NServiceBus.Host.Internal.ProfileManager.GetLoggingConfigurer">
      <summary>
            Returns an object to configure logging based on the specification and profiles passed in.
            </summary>
      <returns>
      </returns>
    </member>
    <member name="M:NServiceBus.Host.Internal.ProfileManager.ActivateProfileHandlers">
      <summary>
            Activates the profilehandlers that handle the previously identified active profiles. 
            </summary>
      <returns>
      </returns>
    </member>
    <member name="T:NServiceBus.Host.Internal.RoleManager">
      <summary>
            Handles the client/server bus configuration.
            </summary>
    </member>
    <member name="M:NServiceBus.Host.Internal.RoleManager.ConfigureBusForEndpoint(NServiceBus.IConfigureThisEndpoint)">
      <summary>
            Checks if the specifier is a client or server and sets up the MsmqTransport and UnicastBus approproiately.
            </summary>
      <param name="specifier">
      </param>
    </member>
    <member name="T:NServiceBus.Host.Internal.WcfServiceHost">
      <summary>
            A specialized service host that adds a default endpoint if non is specified in config
            </summary>
    </member>
    <member name="M:NServiceBus.Host.Internal.WcfServiceHost.#ctor(System.Type)">
      <summary>
            Constructs the host with the given service type
            </summary>
      <param name="t">
      </param>
    </member>
    <member name="M:NServiceBus.Host.Internal.WcfServiceHost.AddDefaultEndpoint(System.Type,System.ServiceModel.Channels.Binding,System.String)">
      <summary>
            Adds the given endpoint unless its already configured in app.config
            </summary>
      <param name="contractType">
      </param>
      <param name="binding">
      </param>
      <param name="address">
      </param>
    </member>
    <member name="T:NServiceBus.IProfile">
      <summary>
            Marker interface to indicate a run-time profile.
            Implementors must be concrete class - interfaces are not supported.
            </summary>
    </member>
    <member name="T:NServiceBus.ISpecifyMessageHandlerOrdering">
      <summary>
            Specify the order in which message handlers will be invoked.
            </summary>
    </member>
    <member name="M:NServiceBus.ISpecifyMessageHandlerOrdering.SpecifyOrder(NServiceBus.Order)">
      <summary>
            In this method, use the order object to specify the order in which message handlers will be activated.
            </summary>
      <param name="order">
      </param>
    </member>
    <member name="T:NServiceBus.IWantCustomInitialization">
      <summary>
            If you want to specify your own container or serializer,
            implement this interface on the class which implements <see cref="T:NServiceBus.IConfigureThisEndpoint" />.
            
            Implementors will be invoked before the endpoint starts up.
            Dependency injection is not provided for these types.
            </summary>
    </member>
    <member name="M:NServiceBus.IWantCustomInitialization.Init">
      <summary>
            Perform initialization logic.
            </summary>
    </member>
    <member name="T:NServiceBus.IWantCustomLogging">
      <summary>
            If you want to specify your own logging,
            implement this interface on the class which implements <see cref="T:NServiceBus.IConfigureThisEndpoint" />. 
            </summary>
    </member>
    <member name="M:NServiceBus.IWantCustomLogging.Init">
      <summary>
            Initialize logging.
            </summary>
    </member>
    <member name="T:NServiceBus.IWantToRunAtStartup">
      <summary>
            Implementers will be invoked when the endpoint starts up.
            Dependency injection is provided for these types.
            </summary>
    </member>
    <member name="M:NServiceBus.IWantToRunAtStartup.Run">
      <summary>
            Method called at startup.
            </summary>
    </member>
    <member name="M:NServiceBus.IWantToRunAtStartup.Stop">
      <summary>
            Method called on shutdown.
            </summary>
    </member>
    <member name="T:NServiceBus.Order">
      <summary>
            Used to specify the order in which message handlers will be activated.
            </summary>
    </member>
    <member name="M:NServiceBus.Order.Specify``1">
      <summary>
            Specifies that the given type will be activated before all others.
            </summary>
      <typeparam name="TFirst">
      </typeparam>
    </member>
    <member name="M:NServiceBus.Order.Specify``1(NServiceBus.First{``0})">
      <summary>
            Specifies an ordering of multiple types using the syntax:
            First{H1}.Then{H2}().Then{H3}()... etc
            </summary>
      <typeparam name="T">
      </typeparam>
      <param name="ordering">
      </param>
    </member>
    <member name="T:NServiceBus.InstallDtc">
      <summary>
            Profile indicating that you want the host to automatically check if the Distributed Transaction Coordinator
            windows service has its security settings configured correctly, and if they aren't, set the correct settings,
            check that the service is running, and if it isn't, run the MSDTC service.
            </summary>
    </member>
    <member name="T:NServiceBus.InstallMsmq">
      <summary>
            Profile indicating that you want the host to automatically check if MSMQ is installed,
            install MSMQ if it isn't, check that the right components of MSMQ are active,
            change the active MSMQ components as needed, check that the MSMQ service is running,
            and run the MSMQ service if it isn't.
            </summary>
    </member>
    <member name="T:NServiceBus.InstallPerformanceCounters">
      <summary>
            Profile indicating that you want the host to install the performance counters.
            </summary>
    </member>
    <member name="T:NServiceBus.Integration">
      <summary>
            Indicates that infrastructure suitable for integration environments be used.
            </summary>
    </member>
    <member name="T:NServiceBus.Lite">
      <summary>
            Indicates that the lightest weight infrastructure should be used.
            </summary>
    </member>
    <member name="T:NServiceBus.PerformanceCounters">
      <summary>
            Indicates that performance counters should be published.
            </summary>
    </member>
    <member name="T:NServiceBus.Production">
      <summary>
            Indicates that the infrastructure should configure itself for production.
            </summary>
    </member>
    <member name="T:NServiceBus.Host.Program">
      <summary>
            Entry point to the process.
            </summary>
    </member>
    <member name="M:NServiceBus.Host.Program.GetEndpointId(System.Object)">
      <summary>
            Gives a string which serves to identify the endpoint.
            </summary>
      <param name="endpointConfiguration">
      </param>
      <returns>
      </returns>
    </member>
    <member name="P:NServiceBus.Host.Program.EndpointId">
      <summary>
            Gives an identifier for this endpoint
            </summary>
    </member>
    <member name="T:NServiceBus.Host.Internal.HostServiceLocator">
      <summary>
            Plugs into the generic service locator to return an instance of <see cref="T:NServiceBus.Host.Internal.GenericHost" />.
            </summary>
    </member>
    <member name="F:NServiceBus.Host.Internal.HostServiceLocator.Args">
      <summary>
            Command line arguments.
            </summary>
    </member>
    <member name="M:NServiceBus.Host.Internal.HostServiceLocator.DoGetInstance(System.Type,System.String)">
      <summary>
            Returns an instance of <see cref="T:NServiceBus.Host.Internal.GenericHost" /></summary>
      <param name="serviceType">
      </param>
      <param name="key">
      </param>
      <returns>
      </returns>
    </member>
    <member name="M:NServiceBus.Host.Internal.HostServiceLocator.DoGetAllInstances(System.Type)">
      <summary>
            Not implemented.
            </summary>
      <param name="serviceType">
      </param>
      <returns>
      </returns>
    </member>
    <member name="T:Microsoft.Practices.ServiceLocation.ActivationException">
      <summary>
            The standard exception thrown when a ServiceLocator has an error in resolving an object.
            </summary>
    </member>
    <member name="M:Microsoft.Practices.ServiceLocation.ActivationException.#ctor">
      <summary>
            Initializes a new instance of the <see cref="T:System.Exception" /> class.
            </summary>
    </member>
    <member name="M:Microsoft.Practices.ServiceLocation.ActivationException.#ctor(System.String)">
      <summary>
            Initializes a new instance of the <see cref="T:System.Exception" /> class with a specified error message.
            </summary>
      <param name="message">
            The message that describes the error. 
             </param>
    </member>
    <member name="M:Microsoft.Practices.ServiceLocation.ActivationException.#ctor(System.String,System.Exception)">
      <summary>
            Initializes a new instance of the <see cref="T:System.Exception" /> class with a specified error message and a reference to the inner exception that is the cause of this exception.
            </summary>
      <param name="message">
            The error message that explains the reason for the exception. 
            </param>
      <param name="innerException">
            The exception that is the cause of the current exception, or a null reference (Nothing in Visual Basic) if no inner exception is specified. 
            </param>
    </member>
    <member name="M:Microsoft.Practices.ServiceLocation.ActivationException.#ctor(System.Runtime.Serialization.SerializationInfo,System.Runtime.Serialization.StreamingContext)">
      <summary>
            Initializes a new instance of the <see cref="T:System.Exception" /> class with serialized data.
            </summary>
      <param name="info">
            The <see cref="T:System.Runtime.Serialization.SerializationInfo" /> that holds the serialized object data about the exception being thrown. 
            </param>
      <param name="context">
            The <see cref="T:System.Runtime.Serialization.StreamingContext" /> that contains contextual information about the source or destination. 
            </param>
      <exception cref="T:System.ArgumentNullException">
            The <paramref name="info" /> parameter is null. 
            </exception>
      <exception cref="T:System.Runtime.Serialization.SerializationException">
            The class name is null or <see cref="P:System.Exception.HResult" /> is zero (0). 
            </exception>
    </member>
    <member name="T:Microsoft.Practices.ServiceLocation.IServiceLocator">
      <summary>
            The generic Service Locator interface. This interface is used
            to retrieve services (instances identified by type and optional
            name) from a container.
            </summary>
    </member>
    <member name="M:Microsoft.Practices.ServiceLocation.IServiceLocator.GetInstance(System.Type)">
      <summary>
            Get an instance of the given <paramref name="serviceType" />.
            </summary>
      <param name="serviceType">Type of object requested.</param>
      <exception cref="T:Microsoft.Practices.ServiceLocation.ActivationException">if there is an error resolving
            the service instance.</exception>
      <returns>The requested service instance.</returns>
    </member>
    <member name="M:Microsoft.Practices.ServiceLocation.IServiceLocator.GetInstance(System.Type,System.String)">
      <summary>
            Get an instance of the given named <paramref name="serviceType" />.
            </summary>
      <param name="serviceType">Type of object requested.</param>
      <param name="key">Name the object was registered with.</param>
      <exception cref="T:Microsoft.Practices.ServiceLocation.ActivationException">if there is an error resolving
            the service instance.</exception>
      <returns>The requested service instance.</returns>
    </member>
    <member name="M:Microsoft.Practices.ServiceLocation.IServiceLocator.GetAllInstances(System.Type)">
      <summary>
            Get all instances of the given <paramref name="serviceType" /> currently
            registered in the container.
            </summary>
      <param name="serviceType">Type of object requested.</param>
      <exception cref="T:Microsoft.Practices.ServiceLocation.ActivationException">if there is are errors resolving
            the service instance.</exception>
      <returns>A sequence of instances of the requested <paramref name="serviceType" />.</returns>
    </member>
    <member name="M:Microsoft.Practices.ServiceLocation.IServiceLocator.GetInstance``1">
      <summary>
            Get an instance of the given <typeparamref name="TService" />.
            </summary>
      <typeparam name="TService">Type of object requested.</typeparam>
      <exception cref="T:Microsoft.Practices.ServiceLocation.ActivationException">if there is are errors resolving
            the service instance.</exception>
      <returns>The requested service instance.</returns>
    </member>
    <member name="M:Microsoft.Practices.ServiceLocation.IServiceLocator.GetInstance``1(System.String)">
      <summary>
            Get an instance of the given named <typeparamref name="TService" />.
            </summary>
      <typeparam name="TService">Type of object requested.</typeparam>
      <param name="key">Name the object was registered with.</param>
      <exception cref="T:Microsoft.Practices.ServiceLocation.ActivationException">if there is are errors resolving
            the service instance.</exception>
      <returns>The requested service instance.</returns>
    </member>
    <member name="M:Microsoft.Practices.ServiceLocation.IServiceLocator.GetAllInstances``1">
      <summary>
            Get all instances of the given <typeparamref name="TService" /> currently
            registered in the container.
            </summary>
      <typeparam name="TService">Type of object requested.</typeparam>
      <exception cref="T:Microsoft.Practices.ServiceLocation.ActivationException">if there is are errors resolving
            the service instance.</exception>
      <returns>A sequence of instances of the requested <typeparamref name="TService" />.</returns>
    </member>
    <member name="T:Microsoft.Practices.ServiceLocation.Properties.Resources">
      <summary>
              A strongly-typed resource class, for looking up localized strings, etc.
            </summary>
    </member>
    <member name="P:Microsoft.Practices.ServiceLocation.Properties.Resources.ResourceManager">
      <summary>
              Returns the cached ResourceManager instance used by this class.
            </summary>
    </member>
    <member name="P:Microsoft.Practices.ServiceLocation.Properties.Resources.Culture">
      <summary>
              Overrides the current thread's CurrentUICulture property for all
              resource lookups using this strongly typed resource class.
            </summary>
    </member>
    <member name="P:Microsoft.Practices.ServiceLocation.Properties.Resources.ActivateAllExceptionMessage">
      <summary>
              Looks up a localized string similar to Activation error occured while trying to get all instances of type {0}.
            </summary>
    </member>
    <member name="P:Microsoft.Practices.ServiceLocation.Properties.Resources.ActivationExceptionMessage">
      <summary>
              Looks up a localized string similar to Activation error occured while trying to get instance of type {0}, key "{1}".
            </summary>
    </member>
    <member name="T:Microsoft.Practices.ServiceLocation.ServiceLocator">
      <summary>
            This class provides the ambient container for this application. If your
            framework defines such an ambient container, use ServiceLocator.Current
            to get it.
            </summary>
    </member>
    <member name="M:Microsoft.Practices.ServiceLocation.ServiceLocator.SetLocatorProvider(Microsoft.Practices.ServiceLocation.ServiceLocatorProvider)">
      <summary>
            Set the delegate that is used to retrieve the current container.
            </summary>
      <param name="newProvider">Delegate that, when called, will return
            the current ambient container.</param>
    </member>
    <member name="P:Microsoft.Practices.ServiceLocation.ServiceLocator.Current">
      <summary>
            The current ambient container.
            </summary>
    </member>
    <member name="T:Microsoft.Practices.ServiceLocation.ServiceLocatorImplBase">
      <summary>
            This class is a helper that provides a default implementation
            for most of the methods of <see cref="T:Microsoft.Practices.ServiceLocation.IServiceLocator" />.
            </summary>
    </member>
    <member name="M:Microsoft.Practices.ServiceLocation.ServiceLocatorImplBase.GetService(System.Type)">
      <summary>
            Implementation of <see cref="M:System.IServiceProvider.GetService(System.Type)" />.
            </summary>
      <param name="serviceType">The requested service.</param>
      <exception cref="T:Microsoft.Practices.ServiceLocation.ActivationException">if there is an error in resolving the service instance.</exception>
      <returns>The requested object.</returns>
    </member>
    <member name="M:Microsoft.Practices.ServiceLocation.ServiceLocatorImplBase.GetInstance(System.Type)">
      <summary>
            Get an instance of the given <paramref name="serviceType" />.
            </summary>
      <param name="serviceType">Type of object requested.</param>
      <exception cref="T:Microsoft.Practices.ServiceLocation.ActivationException">if there is an error resolving
            the service instance.</exception>
      <returns>The requested service instance.</returns>
    </member>
    <member name="M:Microsoft.Practices.ServiceLocation.ServiceLocatorImplBase.GetInstance(System.Type,System.String)">
      <summary>
            Get an instance of the given named <paramref name="serviceType" />.
            </summary>
      <param name="serviceType">Type of object requested.</param>
      <param name="key">Name the object was registered with.</param>
      <exception cref="T:Microsoft.Practices.ServiceLocation.ActivationException">if there is an error resolving
            the service instance.</exception>
      <returns>The requested service instance.</returns>
    </member>
    <member name="M:Microsoft.Practices.ServiceLocation.ServiceLocatorImplBase.GetAllInstances(System.Type)">
      <summary>
            Get all instances of the given <paramref name="serviceType" /> currently
            registered in the container.
            </summary>
      <param name="serviceType">Type of object requested.</param>
      <exception cref="T:Microsoft.Practices.ServiceLocation.ActivationException">if there is are errors resolving
            the service instance.</exception>
      <returns>A sequence of instances of the requested <paramref name="serviceType" />.</returns>
    </member>
    <member name="M:Microsoft.Practices.ServiceLocation.ServiceLocatorImplBase.GetInstance``1">
      <summary>
            Get an instance of the given <typeparamref name="TService" />.
            </summary>
      <typeparam name="TService">Type of object requested.</typeparam>
      <exception cref="T:Microsoft.Practices.ServiceLocation.ActivationException">if there is are errors resolving
            the service instance.</exception>
      <returns>The requested service instance.</returns>
    </member>
    <member name="M:Microsoft.Practices.ServiceLocation.ServiceLocatorImplBase.GetInstance``1(System.String)">
      <summary>
            Get an instance of the given named <typeparamref name="TService" />.
            </summary>
      <typeparam name="TService">Type of object requested.</typeparam>
      <param name="key">Name the object was registered with.</param>
      <exception cref="T:Microsoft.Practices.ServiceLocation.ActivationException">if there is are errors resolving
            the service instance.</exception>
      <returns>The requested service instance.</returns>
    </member>
    <member name="M:Microsoft.Practices.ServiceLocation.ServiceLocatorImplBase.GetAllInstances``1">
      <summary>
            Get all instances of the given <typeparamref name="TService" /> currently
            registered in the container.
            </summary>
      <typeparam name="TService">Type of object requested.</typeparam>
      <exception cref="T:Microsoft.Practices.ServiceLocation.ActivationException">if there is are errors resolving
            the service instance.</exception>
      <returns>A sequence of instances of the requested <typeparamref name="TService" />.</returns>
    </member>
    <member name="M:Microsoft.Practices.ServiceLocation.ServiceLocatorImplBase.DoGetInstance(System.Type,System.String)">
      <summary>
            When implemented by inheriting classes, this method will do the actual work of resolving
            the requested service instance.
            </summary>
      <param name="serviceType">Type of instance requested.</param>
      <param name="key">Name of registered service you want. May be null.</param>
      <returns>The requested service instance.</returns>
    </member>
    <member name="M:Microsoft.Practices.ServiceLocation.ServiceLocatorImplBase.DoGetAllInstances(System.Type)">
      <summary>
            When implemented by inheriting classes, this method will do the actual work of
            resolving all the requested service instances.
            </summary>
      <param name="serviceType">Type of service requested.</param>
      <returns>Sequence of service instance objects.</returns>
    </member>
    <member name="M:Microsoft.Practices.ServiceLocation.ServiceLocatorImplBase.FormatActivationExceptionMessage(System.Exception,System.Type,System.String)">
      <summary>
            Format the exception message for use in an <see cref="T:Microsoft.Practices.ServiceLocation.ActivationException" />
            that occurs while resolving a single service.
            </summary>
      <param name="actualException">The actual exception thrown by the implementation.</param>
      <param name="serviceType">Type of service requested.</param>
      <param name="key">Name requested.</param>
      <returns>The formatted exception message string.</returns>
    </member>
    <member name="M:Microsoft.Practices.ServiceLocation.ServiceLocatorImplBase.FormatActivateAllExceptionMessage(System.Exception,System.Type)">
      <summary>
            Format the exception message for use in an <see cref="T:Microsoft.Practices.ServiceLocation.ActivationException" />
            that occurs while resolving multiple service instances.
            </summary>
      <param name="actualException">The actual exception thrown by the implementation.</param>
      <param name="serviceType">Type of service requested.</param>
      <returns>The formatted exception message string.</returns>
    </member>
    <member name="T:Microsoft.Practices.ServiceLocation.ServiceLocatorProvider">
      <summary>
            This delegate type is used to provide a method that will
            return the current container. Used with the <see cref="T:Microsoft.Practices.ServiceLocation.ServiceLocator" />
            static accessor class.
            </summary>
      <returns>An <see cref="T:Microsoft.Practices.ServiceLocation.IServiceLocator" />.</returns>
    </member>
  </members>
</doc>